﻿<?xml version="1.0"?><!--  <!DOCTYPE metadata SYSTEM "metadata.dtd">  --><metadata><idinfo><citation><citeinfo><origin>Minnesota Department of Education</origin><pubdate>20191210</pubdate><title>School Attendance Area Boundaries, Minnesota, SY2019-2020</title><mgmg1cid></mgmg1cid><pubinfo><publish>Minnesota Department of Education</publish></pubinfo><ftname Sync="TRUE">sd_attendance11</ftname><geoform Sync="TRUE">vector digital data</geoform><onlink>https://gisdata.mn.gov/dataset/bdry-school-attendance-areas</onlink></citeinfo></citation><descript><abstract>This file represents the boundaries of all public school attendance areas in the state of Minnesota for school year 2019-2020. Attendance areas attempt to represent the detailed breakdowns of school districts that determine where students attend elementary, middle, and high schools. These areas are unique to each school district. The "dissolved" school district boundaries without attendance area breakdowns are available in a separate resource.

Each year Minnesota school districts report any changes to their elementary, middle and high school attendance area boundaries. This file was developed from this annual information.

PLEASE NOTE: For the 2019-2020 school year, the web mapping service for this layer has moved.</abstract><purpose>To keep this dataset current, the Minnesota Department of Education asks school districts for any changes to district attendance boundaries on a yearly basis. This information, along with additional information, is used by MDE's Food and Nutrition Services Office to identify program financial priorities. It also provides a map of school attendance area boundaries and school district boundaries to support a variety of mapping and data analysis applications.</purpose><supplinf>Minnesota</supplinf><langdata Sync="TRUE">en</langdata></descript><timeperd><current>Public school district attendance boundaries updated for school year 2019-2020.</current><timeinfo><sngdate><caldate>2020</caldate></sngdate></timeinfo></timeperd><status><progress>Complete</progress><update>Annually</update></status><spdom><lboundng><leftbc Sync="TRUE">189783.560000</leftbc><rightbc Sync="TRUE">761653.524100</rightbc><bottombc Sync="TRUE">4816309.330000</bottombc><topbc Sync="TRUE">5472346.500000</topbc></lboundng><bounding><westbc>-97.269688</westbc><eastbc>-89.397194</eastbc><northbc>49.403805</northbc><southbc>43.435423</southbc></bounding></spdom><keywords><theme><themekt>ISO 19115 Topic Category</themekt><themekey>boundaries, school, school district, attendance boundary, attendance area, elementary school, middle school, high school, K-12</themekey></theme><place><placekey>Minnesota</placekey></place></keywords><accconst>None</accconst><useconst>If you obtain data from MDE, it is understood that you and/or your organization have the right to use it for any purpose.  If you modify it, you are encouraged to apply responsible best practices by documenting those changes in a metadata record.  If you transmit or provide the data to another user, it is your responsibility to provide appropriate content, limitation, warranty and liability information as you see fit.</useconst><browse><browsen>https://resources.gisdata.mn.gov/pub/gdrs/data/pub/us_mn_state_mde/bdry_school_attendance_areas/metadata/preview.jpg</browsen></browse><native>Microsoft Windows XP Version 5.1 (Build 2600) Service Pack 3; ESRI ArcCatalog 9.3.1.3500</native><natvform Sync="TRUE">Shapefile</natvform><crossref><citeinfo><title>bdry_school_district_boundaries, struc_school_program_locs</title></citeinfo></crossref><ptcontac><cntinfo><cntperp><cntorg>Minnesota Department of Education</cntorg><cntper>Mike Dolbow</cntper></cntperp><cntpos>GIS Coordinator</cntpos><cntaddr><addrtype>Mailling and Physical</addrtype><address>1500 Highway 36 West</address><city>Roseville</city><state>MN</state><postal>55113</postal></cntaddr><cntvoice>651-582-8789</cntvoice><cntemail>mike.dolbow@state.mn.us</cntemail></cntinfo></ptcontac></idinfo><dataqual><attracc><attraccr>Each school district checks the previous year's school district map for accuracy of school names and attendance boundaries. Changes are verified by the MDE-IT GIS Administrator.</attraccr></attracc><logic>Data are topologically structured and verified.</logic><complete>Attendance areas for all school districts within Minnesota are included. Prior publications of this dataset included a separate record for the Minneapolis-St. Paul Airport; this version includes that area within the Richfield School District in order to facilitate unique and direct correlations with MDE ORG data.</complete><posacc><horizpa><horizpar>Positional accuracy of the data sources varies widely.  Source scales range between 1:24,000 and 1:100,000.  Many of the boundaries are hand-drawn by the school districts. See notes on potential boundary inaccuracies under 'Lineage', particularly for historical versions of this dataset.</horizpar></horizpa></posacc><lineage><srcinfo><srcscale></srcscale></srcinfo><procstep><procdesc>For Lineage of this data prior to the current year, refer to metadata packaged with historical datasets available at the MN Geospatial Commons.

For school year ending 2020, the SDORGID column was added for transparency on the unique ID used to obtain data from the MDE ORG database. Three "MULTI" fields were also added (see Entity and Attribute Overview)

Files are maintained and edited in ArcGIS SDE enterprise format. Versions in shapefile and file geodatabase format are created for distribution. To the extent possible, MDE uses county parcel data to determine school district boundaries, which impact the attendance areas.

NOTES ON MISMATCHES OF DATA: because district boundaries can be derived from this file, users should be aware of potential mismatches of data on school district boundaries. See the metadata for school districts for those warnings.
</procdesc></procstep></lineage></dataqual><spdoinfo><direct>Vector</direct><mgmg3obj>Polygon</mgmg3obj><mgmg3til>State</mgmg3til><ptvctinf><esriterm Name="sd_attendance11"><efeatyp Sync="TRUE">Simple</efeatyp><efeageom Sync="TRUE">Polygon</efeageom><esritopo Sync="TRUE">FALSE</esritopo><efeacnt Sync="TRUE">826</efeacnt><spindex Sync="TRUE">FALSE</spindex><linrefer Sync="TRUE">FALSE</linrefer></esriterm><sdtsterm Name="sd_attendance11"><sdtstype Sync="TRUE">G-polygon</sdtstype><ptvctcnt Sync="TRUE">826</ptvctcnt></sdtsterm><esriterm Name="label"><efeatyp Sync="TRUE">Simple</efeatyp><efeageom Sync="TRUE">Label</efeageom><esritopo Sync="TRUE">FALSE</esritopo><efeacnt Sync="TRUE">1775</efeacnt><spindex Sync="TRUE">FALSE</spindex><linrefer Sync="TRUE">FALSE</linrefer></esriterm><sdtsterm Name="label"><sdtstype Sync="TRUE">Label point</sdtstype><ptvctcnt Sync="TRUE">1775</ptvctcnt></sdtsterm><esriterm Name="polygon"><efeatyp Sync="TRUE">Simple</efeatyp><efeageom Sync="TRUE">Polygon</efeageom><esritopo Sync="TRUE">TRUE</esritopo><efeacnt Sync="TRUE">1775</efeacnt><spindex Sync="TRUE">FALSE</spindex><linrefer Sync="TRUE">FALSE</linrefer></esriterm><sdtsterm Name="polygon"><sdtstype Sync="TRUE">GT-polygon composed of chains</sdtstype><ptvctcnt Sync="TRUE">1775</ptvctcnt></sdtsterm><esriterm Name="tic"><efeatyp Sync="TRUE">Simple</efeatyp><efeageom Sync="TRUE">Tic</efeageom><esritopo Sync="TRUE">FALSE</esritopo><efeacnt Sync="TRUE">4</efeacnt><spindex Sync="TRUE">FALSE</spindex><linrefer Sync="TRUE">FALSE</linrefer></esriterm><sdtsterm Name="tic"><sdtstype Sync="TRUE">Point</sdtstype><ptvctcnt Sync="TRUE">4</ptvctcnt></sdtsterm></ptvctinf><indspref></indspref></spdoinfo><spref><vertdef><altsys><altdatum>not applicable</altdatum><altunits>not applicable</altunits></altsys><depthsys><depthdn>not applicable</depthdn><depthdu>not applicable</depthdu></depthsys></vertdef><horizsys><planar><gridsys><gridsysn>Universal Transverse Mercator</gridsysn><utm><utmzone>15</utmzone></utm></gridsys><planci><plandu>meters</plandu></planci></planar><geodetic><horizdn>NAD83</horizdn><ellips>GRS80</ellips></geodetic></horizsys></spref><eainfo><overview><eaover>SDORGID (19.0,DOUBLE)
UNI_TYP (2, 2, C)
UNI_MAJ (4, 4, C)
UNI_NAM (50, 50, C)
ELEM_NAME (50, 50, C)
ELEM_MULTI (5,5,C)
MIDD_NAME (50, 50, C)
MIDD_MULTI  (5,5,C)
HIGH_NAME (50, 50, C)
HIGH_MULTI  (5,5,C)

Details on individual columns:
SDORGID - unique ORG ID number used to link the "MDE ORG" database. See Detailed Citiation for a link where this information can be searched.

UNI_TYP - Because Minneapolis and Aitkin school districts both have a school identifier of "1", this type identifier, used at MDE, will separate them as follows:
   03 - "Special" School Districts: Minneapolis (SD #0001) and South St. Paul (SD #0006)
   02 - Common School Districts: Franconia (SD #0323) and Prinsburg (SD #0815)
   01 - Remaining, Independent School Districts

UNI_MAJ - School district number (0001-Aitkin to 2908-Brandon-Evansville)

Note: The ORGID is sometimes identified as UNI_TYP then UNI_MAJ or reversed as UNI_MAJ then UNI_TYP depending on what data is downloaded from the MDE website and what year. For 2018 standards developed by the Geospatial Advisory Council, the format UNI_TYP, UNI_MAJ will be used.

UNI_NAM - School district name (0001-Aitkin to 2908-Brandon-Evansville), derived from the organization's "preferred name" within the MDE ORG database. (Prior publications used a more simplified name.)

ELEM_NAME - Elementary school name of the primary elementary school within the attendance area.

ELEM_MULTI - A designator intended to convey when students within an area can choose to attend multiple elementary schools.

MIDD_NAME - Middle school name of the primary middle school within the attendance area. In many cases, this is blank because districts only have elementary and secondary schools.

MIDD_MULTI - A designator intended to convey when students within an area can choose to attend multiple elementary schools.

HIGH_NAME - High school name of the primary high school within the attendance area.

HIGH_MULTI - A designator intended to convey when students within an area can choose to attend multiple elementary schools.</eaover><eadetcit>More current information on school districts can be obtained from MDE ORG at https://public.education.mn.gov/MdeOrgView/</eadetcit></overview></eainfo><distinfo><resdesc>School attendance areas 2019-2020</resdesc><distliab>The Geographic Information System (GIS) Data to which this notice is attached are made available pursuant to the Minnesota Government Data Practices Act (Minnesota Statutes Chapter 13). The Minnesota Department of Education (MDE) does not warrant the results you may obtain by using this dataset. This dataset is provided ''as is'' without express or implied warranties, including warranties of merchantability and fitness. In no event will MDE be liable for any consequential, incidental or special damages, including any lost profits or lost savings, even if an MDE representative has been advised of the possibility of such damages or any other claim by any third party.

In obtaining this data from MDE and MnGeo, it is understood that you and/or your organization have the right to use it for any purpose.  If you modify it, you are encouraged to apply responsible best practices by documenting those changes in a metadata record.  If you transmit or provide the data to another user, it is your responsibility to provide appropriate content, limitation, warranty and liability information as you see fit.

MnGeo's data disclaimer is online: https://www.mngeo.state.mn.us/chouse/disclaimer.html</distliab><stdorder><digform><digtinfo><formname>Shapefile</formname><transize>5 megabytes, zipped</transize><dssize Sync="TRUE">3.567</dssize><formvern></formvern></digtinfo></digform><ordering>The GIS data and maps are distributed on the internet by clicking below after Online Linkage.</ordering></stdorder><distrib><cntinfo><cntperp><cntorg>Minnesota Department of Education</cntorg><cntper>Mike Dolbow</cntper></cntperp><cntpos>GIS Coordinator</cntpos><cntaddr><addrtype>mailing and physical</addrtype><address>1500 Highway 36 West</address><city>Roseville</city><state>MN</state><postal>55113</postal></cntaddr><cntvoice>651-582-8789</cntvoice><cntemail>mike.dolbow@state.mn.us</cntemail></cntinfo></distrib></distinfo><metainfo><metd>20191210</metd><metstdn>Minnesota Geographic Metadata Guidelines</metstdn><metstdv>1.2</metstdv><metextns><onlink>https://www.mngeo.state.mn.us/committee/standards/mgmg/metadata.htm</onlink></metextns><langmeta Sync="TRUE">en</langmeta><mettc Sync="TRUE">local time</mettc><metextns><onlink Sync="TRUE">http://www.esri.com/metadata/esriprof80.html</onlink><metprof Sync="TRUE">ESRI Metadata Profile</metprof></metextns><metc><cntinfo><cntperp><cntorg>Minnesota Department of Education</cntorg><cntper>Mike Dolbow</cntper></cntperp><cntpos>GIS Coordinator</cntpos><cntaddr><addrtype>mailing and physical</addrtype><address>1500 Highway 36 West</address><city>Roseville</city><state>MN</state><postal>55113</postal></cntaddr><cntvoice>651-582-8789</cntvoice><cntemail>mike.dolbow@state.mn.us</cntemail></cntinfo></metc></metainfo><Esri><CreaDate>20151019</CreaDate><CreaTime>09421100</CreaTime><SyncOnce>FALSE</SyncOnce><SyncDate>20100913</SyncDate><SyncTime>15163100</SyncTime><ModDate>20110923</ModDate><ModTime>11001200</ModTime><DataProperties><itemProps><itemLocation><linkage Sync="TRUE">file://\\edu-gisprod10b\e$\Project_Information\Metadata\Education\sd_attend1516</linkage><protocol Sync="TRUE">Local Area Network</protocol></itemLocation></itemProps><copyHistory><copy source="A:\Spatial_Data\Education\sd_attend1516" dest="\\edu-gisprod10b\e$\Project_Information\Metadata\Education\sd_attend1516" date="20151019" time="09424900"></copy></copyHistory></DataProperties></Esri><dataIdInfo><envirDesc Sync="TRUE">Microsoft Windows XP Version 5.1 (Build 2600) Service Pack 3; ESRI ArcCatalog 9.3.1.3500</envirDesc><dataLang><languageCode Sync="TRUE" value="en"></languageCode></dataLang><idCitation><resTitle Sync="TRUE">sd_attendance11</resTitle><presForm><PresFormCd Sync="TRUE" value="005"></PresFormCd></presForm></idCitation><spatRpType><SpatRepTypCd Sync="TRUE" value="001"></SpatRepTypCd></spatRpType><dataExt><geoEle><GeoBndBox esriExtentType="native"><westBL Sync="TRUE">189783.56</westBL><eastBL Sync="TRUE">761653.5241</eastBL><northBL Sync="TRUE">5472346.5</northBL><southBL Sync="TRUE">4816309.33</southBL><exTypeCode Sync="TRUE">1</exTypeCode></GeoBndBox></geoEle></dataExt><geoBox esriExtentType="decdegrees"><westBL Sync="TRUE">-97.269688</westBL><eastBL Sync="TRUE">-89.397194</eastBL><northBL Sync="TRUE">49.403805</northBL><southBL Sync="TRUE">43.435423</southBL><exTypeCode Sync="TRUE">1</exTypeCode></geoBox></dataIdInfo><mdLang><languageCode Sync="TRUE" value="en"></languageCode></mdLang><mdStanName Sync="TRUE">ISO 19115 Geographic Information - Metadata</mdStanName><mdStanVer Sync="TRUE">DIS_ESRI1.0</mdStanVer><mdChar><CharSetCd Sync="TRUE" value="004"></CharSetCd></mdChar><mdHrLv><ScopeCd Sync="TRUE" value="005"></ScopeCd></mdHrLv><mdHrLvName Sync="TRUE">dataset</mdHrLvName><distInfo><distributor><distorTran><onLineSrc><orDesc Sync="TRUE">002</orDesc><linkage Sync="TRUE">file://\\8HP25J1\E$\MDEFNS_Data\Spatial_Data\SD_Data\SY2010-11\Final_Datasets\MNGEO\sd_attendance11.shp</linkage><protocol Sync="TRUE">Local Area Network</protocol></onLineSrc><transSize Sync="TRUE">3.567</transSize></distorTran><distorFormat><formatName Sync="TRUE">Shapefile</formatName></distorFormat></distributor></distInfo><refSysInfo><RefSystem><refSysID><identCode Sync="TRUE">NAD_1983_UTM_Zone_15N</identCode></refSysID></RefSystem></refSysInfo><spatRepInfo><VectSpatRep><topLvl><TopoLevCd Sync="TRUE" value="001"></TopoLevCd></topLvl><geometObjs Name="sd_attendance11"><geoObjTyp><GeoObjTypCd Sync="TRUE" value="001"></GeoObjTypCd></geoObjTyp><geoObjCnt Sync="TRUE">826</geoObjCnt></geometObjs></VectSpatRep></spatRepInfo><mdDateSt Sync="TRUE">20110923</mdDateSt></metadata>